Coinbase,https://coinbase.com/
Robinhood,https://robinhood.com/
Stash,https://stash.com/
Acorns,https://acorns.com/
Fundrise,https://fundrise.com/
WeBull,https://webull.com/
Republic,https://republic.com/
BlockFi,https://blockfi.com/
SoFi,https://sofi.com/
Masterworks,https://masterworks.com/
GROUNDFLOOR,https://groundfloor.com/
EToro,https://etoro.com/
Crypto.com,https://crypto.com.com/
MoneyLion,https://moneylion.com/
Gemini,https://gemini.com/
Concreit,https://concreit.com/
RallyRd,https://rallyrd.com/
Worthy,https://worthy.com/
Public,https://public.com/
Albert,https://albert.com/
Vinovest,https://vinovest.com/
Wefunder,https://wefunder.com/
AngelList,https://angellist.com/
Wealthfront,https://wealthfront.com/
Kraken,https://kraken.com/
HappyNest,https://happynest.com/
M1,https://m1.com/
Collectable,https://collectable.com/
Otis,https://otis.com/
MyConstant,https://myconstant.com/
Hedonova,https://hedonova.com/
MooMoo,https://moomoo.com/
Titan,https://titan.com/
FarmTogether,https://farmtogether.com/
Stairs,https://stairs.com/
Varo,https://varo.com/
Yieldstreet,https://yieldstreet.com/
Nexo,https://nexo.com/
Mainvest,https://mainvest.com/
Aspiration,https://aspiration.com/
Donut,https://donut.com/
Vaulted,https://vaulted.com/
Betterment,https://betterment.com/
EnergyFunders,https://energyfunders.com/
Firstrade,https://firstrade.com/
Tornado,https://tornado.com/
Netcapital,https://netcapital.com/
Outlet,https://outlet.com/
Prosper,https://prosper.com/
NextSeed,https://nextseed.com/
MicroVentures,https://microventures.com/
Tellus,https://tellus.com/
StartEngine,https://startengine.com/
Gatsby,https://gatsby.com/
Edly,https://edly.com/
PeerStreet,https://peerstreet.com/
OpenSea,https://opensea.com/
SMBX,https://smbx.com/
ELLEVEST,https://ellevest.com/
MyRacehorse,https://myracehorse.com/
Glint,https://glint.com/
Ark7,https://ark7.com/
Miventure,https://miventure.com/
Affirm,https://affirm.com/
TradeUp,https://tradeup.com/
OurCrowd,https://ourcrowd.com/
RealtyMogul,https://realtymogul.com/
Digit,https://digit.com/
Vint,https://vint.com/
Qapital,https://qapital.com/
Unifimoney,https://unifimoney.com/
Newday,https://newday.com/
Streitwise,https://streitwise.com/
InvestX,https://investx.com/
EquityMultiple,https://equitymultiple.com/
Title3Funds,https://title3funds.com/
Landa,https://landa.com/
Lenme,https://lenme.com/
OneGold,https://onegold.com/
UNest,https://unest.com/
Uphold,https://uphold.com/
CrowdStreet,https://crowdstreet.com/
Bioverge,https://bioverge.com/
Doorvest,https://doorvest.com/
Sommtrust,https://sommtrust.com/
Nico,https://nico.com/
Alt,https://alt.com/
Chime,https://chime.com/
Holdfolio,https://holdfolio.com/
Blooom,https://blooom.com/
Acretrader,https://acretrader.com/
Fig,https://fig.com/
Percent,https://percent.com/
EquityBee,https://equitybee.com/
Finch,https://finch.com/
LexShares,https://lexshares.com/
Rares,https://rares.com/
Equityroots,https://equityroots.com/
SigFig,https://sigfig.com/
Quantbase,https://quantbase.com/
Makara,https://makara.com/
LooksRare,https://looksrare.com/
StockX,https://stockx.com/
Coinrule,https://coinrule.com/
IFlip,https://iflip.com/
Cadre,https://cadre.com/
Linqto,https://linqto.com/
Fundify,https://fundify.com/
ZacksTrade,https://zackstrade.com/
SongVest,https://songvest.com/
Mudrex,https://mudrex.com/
Chrono24,https://chrono24.com/
Royal,https://royal.com/
CaskX,https://caskx.com/
EquityDoor,https://equitydoor.com/
Farther,https://farther.com/
FarmFundr,https://farmfundr.com/
Grifin,https://grifin.com/
Backer,https://backer.com/
Alinea,https://alinea.com/
ArborCrowd,https://arborcrowd.com/
Iintoo,https://iintoo.com/
Fractional,https://fractional.com/
Roofstock,https://roofstock.com/
Loved,https://loved.com/
ShareStates,https://sharestates.com/
Commonwealth,https://commonwealth.com/
AgFunder,https://agfunder.com/
Twine,https://twine.com/
Rarible,https://rarible.com/
Beanstox,https://beanstox.com/
RealCrowd,https://realcrowd.com/
Starship,https://starship.com/
TradeStation,https://tradestation.com/
TradeApp,https://tradeapp.com/
InstaLend,https://instalend.com/
EarlyBird,https://earlybird.com/
SuperRare,https://superrare.com/
Here,https://here.com/
Dibbs,https://dibbs.com/